id,name,price,pic,store
298,,,https://f.wishabi.net/page_items/363414313/1735871083/extra_large.jpg,Freshco
150,,,https://f.wishabi.net/page_items/363883404/1736344689/extra_large.jpg,NoFrills
317,3 Piece Lucky Bamboo in Glass,9.88,https://f.wishabi.net/page_pdf_images/20097165/ea9481f2-c979-11ef-beca-0ec6e2beadde/x_large,Freshco
367,31155_Tax_Owned_Flyer_750x1125_FC.pdf,,https://f.wishabi.net/page_items/363626879/1736094224/extra_large.jpg,Freshco
334,A-Sha Noodles 475 g Selected Varieties,6.98,https://f.wishabi.net/page_pdf_images/20097165/e6763b6a-c979-11ef-beca-0ec6e2beadde/x_large,Freshco
33,"ACHVA TAHINI, 500 g",4.99,https://f.wishabi.net/page_items/362472784/1734779109/extra_large.jpg,NoFrills
48,"ACORN, BUTTERCUP, BUTTERNUT or SPAGHETTI SQUASH",1.77,https://f.wishabi.net/page_pdf_images/20060077/7a8e2b44-bf8b-11ef-a712-0ec6e2beadde/x_large,NoFrills
360,AHA Sparkling Water 12x355 mL Coca-Cola Mini Bottles 8x300 ml,5.49,https://f.wishabi.net/page_pdf_images/20097159/e8971e8c-c979-11ef-99ec-0efae983d694/x_large,Freshco
77,"AISH CANDLES DELUX SHABBOS, 4-hour",13.99,https://f.wishabi.net/page_pdf_images/20060090/7c134684-bf8b-11ef-a299-0ec6e2beadde/x_large,NoFrills
122,"ALLEN'S APPLE JUICE or CRANBERRY COCKTAIL, 1.89 L",2.77,https://f.wishabi.net/page_items/363882418/1736344680/extra_large.jpg,NoFrills
61,"ANNIE'S PASTA, 170 g",2.44,https://f.wishabi.net/page_pdf_images/20060081/831721bc-bf8b-11ef-a7eb-0ec6e2beadde/x_large,NoFrills
170,"AUFSCHNITT BEEF JERKY, 56 g",6.99,https://f.wishabi.net/page_pdf_images/20060090/78198b4c-bf8b-11ef-a299-0ec6e2beadde/x_large,NoFrills
92,"AVEENO BODY LOTION, FACE CARE, SUNSCREEN, BODY WASH OR BABY TOILETRIES",,https://f.wishabi.net/page_pdf_images/20132379/642757aa-cdc7-11ef-9841-0e1ba86a8db4/x_large,NoFrills
146,"AVEENO LOTION, 532 mL",9.99,https://f.wishabi.net/page_pdf_images/20132379/68271a34-cdc7-11ef-9841-0e1ba86a8db4/x_large,NoFrills
53,"AVOCADOS or PC® LITTLE GEMS™ RED, YELLOW or MIXED MINI POTATOES",3.88,https://f.wishabi.net/page_pdf_images/20060077/7c530616-bf8b-11ef-a712-0ec6e2beadde/x_large,NoFrills
257,Adams Peanut Butter 1 kg,8.49,https://f.wishabi.net/page_pdf_images/20097161/e9f1fe32-c979-11ef-b970-0efae983d694/x_large,Freshco
288,Allen's Apple Juice 1.89 L SunRype Juice 1.36 L,2.99,https://f.wishabi.net/page_pdf_images/20097159/e736a83c-c979-11ef-99ec-0efae983d694/x_large,Freshco
277,Aman's Lentils 1.8 kg Selected Varieties,5.99,https://f.wishabi.net/page_pdf_images/20097164/e741b236-c979-11ef-ba57-0e1ba86a8db4/x_large,Freshco
225,Aman's Super Fine Besan 1.81 kg,6.49,https://f.wishabi.net/page_pdf_images/20097164/e6be0710-c979-11ef-ba57-0e1ba86a8db4/x_large,Freshco
300,Angie's Boomchickapop Popcorn 136-198 g,3.99,https://f.wishabi.net/page_pdf_images/20097161/e7bf4c5a-c979-11ef-b970-0efae983d694/x_large,Freshco
346,Angus Beef Inside Round Stir Fry Cut from Canada AA or Higher 30.84/kg,13.99,https://f.wishabi.net/page_items/363414327/1735871079/extra_large.jpg,Freshco
227,Apna Taste Rasmalai 850 g Selected Varieties,8.49,https://f.wishabi.net/page_pdf_images/20097164/e740d988-c979-11ef-ba57-0e1ba86a8db4/x_large,Freshco
250,Apna Taste Sweets 400 g Selected Varieties,6.29,https://f.wishabi.net/page_items/363414384/1735871087/extra_large.jpg,Freshco
307,Aroi Coconut Crispy Rolls 80 g Selected Varieties,3.48,https://f.wishabi.net/page_pdf_images/20097165/e6f63b12-c979-11ef-beca-0ec6e2beadde/x_large,Freshco
348,Aroy-D Coconut Milk 100% 1 L,4.98,https://f.wishabi.net/page_pdf_images/20097165/e63980bc-c979-11ef-beca-0ec6e2beadde/x_large,Freshco
315,Asian Choice Buns 510 g Selected Varieties,4.88,https://f.wishabi.net/page_pdf_images/20097165/e8feb042-c979-11ef-beca-0ec6e2beadde/x_large,Freshco
344,Avocados 5 pk Product of Mexico Golden Pineapples Product of Costa Rica,3.99,https://f.wishabi.net/page_pdf_images/20097158/e862fdb4-c979-11ef-b928-0ec6e2beadde/x_large,Freshco
80,"BABY BELLIES or LITTLE BELLIES BABY SNACKS, 8/12 g",1.00,https://f.wishabi.net/page_pdf_images/20132379/6607a64c-cdc7-11ef-9841-0e1ba86a8db4/x_large,NoFrills
34,"BABY BOK CHOY, GAI LON or YU CHOY, BABY NAPA CABBAGE or SHANGHAI BOK CHOY",1.98,https://f.wishabi.net/page_pdf_images/20060087/7c68bdda-bf8b-11ef-8d40-0ec6e2beadde/x_large,NoFrills
76,"BEAN SPROUTS, 1 LB BAG",1.48,https://f.wishabi.net/page_pdf_images/20060087/7cfa4c00-bf8b-11ef-8d40-0ec6e2beadde/x_large,NoFrills
157,"BEN'S ORIGINAL BISTRO EXPRESS, 240/250 g",3.00,https://f.wishabi.net/page_pdf_images/20060092/78278d32-bf8b-11ef-9ae4-0e7faade0358/x_large,NoFrills
17,"BILLY BEE HONEY, 1 kg",8.88,https://f.wishabi.net/page_pdf_images/20060088/7b95aa9e-bf8b-11ef-908f-0e7faade0358/x_large,NoFrills
37,"BLACK DIAMOND CHEESTRINGS or SNACKS, 252/336 g or CRACKER BARREL CHEESE SHREDS, 320 g",5.77,https://f.wishabi.net/page_pdf_images/20060081/85baef34-bf8b-11ef-a7eb-0ec6e2beadde/x_large,NoFrills
30,"BLACKBERRIES, each or Mexico or PINEAPPLE",2.99,https://f.wishabi.net/page_pdf_images/20060077/76b9ddb0-bf8b-11ef-a712-0ec6e2beadde/x_large,NoFrills
177,"BLUE DRAGON PASTE, 270 mL or PATAK'S COOKING SAUCE, 400 mL",3.99,https://f.wishabi.net/page_pdf_images/20060081/7a613666-bf8b-11ef-a7eb-0ec6e2beadde/x_large,NoFrills
3,"BLUEBERRIES, pint",3.99,https://f.wishabi.net/page_pdf_images/20060077/7d9fbc30-bf8b-11ef-a712-0ec6e2beadde/x_large,NoFrills
35,"BOLTHOUSE FARMS SMOOTHIES OR JUICE, 946 mL",4.00,https://f.wishabi.net/page_pdf_images/20060080/776e9606-bf8b-11ef-8f17-0edc53c25ee6/x_large,NoFrills
96,"BRAR'S MALAI PANEER, 375 g",4.44,https://f.wishabi.net/page_pdf_images/20132376/6c8a0d20-cdc7-11ef-a8d4-0ec6e2beadde/x_large,NoFrills
5,"BROCCOLI CROWNS, each",1.88,https://f.wishabi.net/page_items/362471992/1734779109/extra_large.jpg,NoFrills
165,"BUONO MOCHI FROZEN DESSERT, 208 g",5.88,https://f.wishabi.net/page_pdf_images/20060088/78ee15c4-bf8b-11ef-908f-0e7faade0358/x_large,NoFrills
197,Bagged Clementines 3 lb Product of Morocco 1.36 kg,3.44,https://f.wishabi.net/page_pdf_images/20097155/e6f52aa6-c979-11ef-a647-0e7faade0358/x_large,Freshco
278,Becel Margarine 637-850 g,6.99,https://f.wishabi.net/page_pdf_images/20097157/e694d16a-c979-11ef-96ba-0efae983d694/x_large,Freshco
275,Best Buy Bathroom Tissue 12=24 rolls,5.00,https://f.wishabi.net/page_pdf_images/20097162/e723dbb2-c979-11ef-87d2-0efae983d694/x_large,Freshco
271,Best Buy Paper Towels 6 pk,5.00,https://f.wishabi.net/page_pdf_images/20097162/e74aa4e0-c979-11ef-87d2-0efae983d694/x_large,Freshco
295,"Best Buy Ribettes in BBQ Sauce, Lemon Herb Chicken Breast or Boneless Pork Chops Frozen 684-912 g",10.00,https://f.wishabi.net/page_pdf_images/20097158/e5edafc0-c979-11ef-b928-0ec6e2beadde/x_large,Freshco
342,Black Diamond Jumbo Cheestrings 12-16 pk,6.99,https://f.wishabi.net/page_pdf_images/20097159/e888af3c-c979-11ef-99ec-0efae983d694/x_large,Freshco
200,Blackberries 170 g Product of USA or Mexico,1.99,https://f.wishabi.net/page_pdf_images/20097155/e7f68a8a-c979-11ef-a647-0e7faade0358/x_large,Freshco
235,Blood Oranges Product of USA 5.49/kg,2.49,https://f.wishabi.net/page_items/363414190/1735871083/extra_large.jpg,Freshco
351,Bourbon Soy Bean Wafer 122 g,3.48,https://f.wishabi.net/page_pdf_images/20097165/e96d64f6-c979-11ef-beca-0ec6e2beadde/x_large,Freshco
253,Brar's Milk Cake 400 g,7.99,https://f.wishabi.net/page_pdf_images/20097164/e7c3da36-c979-11ef-ba57-0e1ba86a8db4/x_large,Freshco
248,Britannia Toastea Suji Rusk 305 g,2.49,https://f.wishabi.net/page_pdf_images/20097164/e6ff844c-c979-11ef-ba57-0e1ba86a8db4/x_large,Freshco
325,Brunswick Sardine Fillets 92-100 g,1.67,https://f.wishabi.net/page_pdf_images/20097159/e980638a-c979-11ef-99ec-0efae983d694/x_large,Freshco
11,CANADIAN STEELHEAD TROUT FILLET,9.88,https://f.wishabi.net/page_pdf_images/20060078/7e8b6180-bf8b-11ef-8394-0ec6e2beadde/x_large,NoFrills
49,"CARL BUDDIG SLICED MEAT, 55 g",1.22,https://f.wishabi.net/page_pdf_images/20060078/7c1043d0-bf8b-11ef-8394-0ec6e2beadde/x_large,NoFrills
154,"CARNABY SWEET CINNAMON HEARTS CANDY, 150 g",1.49,https://f.wishabi.net/page_items/362426469/1734779099/extra_large.jpg,NoFrills
180,"CATELLI GLUTEN FREE or SMART VEGGIE PASTA, 340 g",2.99,https://f.wishabi.net/page_pdf_images/20060083/7c3c41ec-bf8b-11ef-8065-0efae983d694/x_large,NoFrills
4,"CATELLI SMART OR HEALTHY HARVEST PASTA, 340/375 g",1.50,https://f.wishabi.net/page_pdf_images/20060080/76ef6232-bf8b-11ef-8f17-0edc53c25ee6/x_large,NoFrills
134,"CAVENDISH QUICK CRISP, PREMIUM or PATTIES, 400-750 g",2.88,https://f.wishabi.net/page_pdf_images/20132377/63c22e0c-cdc7-11ef-a02b-0edc53c25ee6/x_large,NoFrills
32,"CHACHA SUNFLOWER SEEDS, 260 g",2.28,https://f.wishabi.net/page_pdf_images/20060088/7b215450-bf8b-11ef-908f-0e7faade0358/x_large,NoFrills
149,"CHAPMAN'S PREMIUM ICE CREAM, 2 L or YUKON NOVELTIES, 5-8's",4.88,https://f.wishabi.net/page_items/363882373/1736344671/extra_large.jpg,NoFrills
120,"CHEEZ-IT CRACKERS, 191/200 g",2.22,https://f.wishabi.net/page_items/363882413/1736344678/extra_large.jpg,NoFrills
153,CHERRIES,4.55,https://f.wishabi.net/page_pdf_images/20060077/7cb71700-bf8b-11ef-a712-0ec6e2beadde/x_large,NoFrills
19,CHICKEN LEG MEAT SHAWARMA,8.99,https://f.wishabi.net/page_pdf_images/20060090/78f2bbce-bf8b-11ef-a299-0ec6e2beadde/x_large,NoFrills
100,CHICKEN LEGS,1.99,https://f.wishabi.net/page_items/363882344/1736344323/extra_large.jpg,NoFrills
16,CHICKEN WINGS,4.49,https://f.wishabi.net/page_pdf_images/20060090/7fa2e084-bf8b-11ef-a299-0ec6e2beadde/x_large,NoFrills
137,"CHRISTIE CRACKERS, 180-200 g or CRISPERS, 145 g",1.99,https://f.wishabi.net/page_pdf_images/20132376/6ac08de8-cdc7-11ef-a8d4-0ec6e2beadde/x_large,NoFrills
119,"CHRISTIE OREO CAKESTERS, 285 g or COOKIES, 374-488 g",3.99,https://f.wishabi.net/page_items/363882426/1736344684/extra_large.jpg,NoFrills
135,CILANTRO,0.99,https://f.wishabi.net/page_pdf_images/20132380/670721bc-cdc7-11ef-a59a-0e7faade0358/x_large,NoFrills
18,"CLASSICO SAUCE, 410/650 mL",3.00,https://f.wishabi.net/page_pdf_images/20060092/77a63d04-bf8b-11ef-9ae4-0e7faade0358/x_large,NoFrills
158,"CLOVER LEAF LIGHT TUNA, 85/170 g or BRUNSWICK SARDINES, 92/100 g",1.50,https://f.wishabi.net/page_pdf_images/20060081/7eb7243c-bf8b-11ef-a7eb-0ec6e2beadde/x_large,NoFrills
71,"COCA-COLA SOFT DRINKS, 1 L or PC® SPRING WATER, 4 L",1.50,https://f.wishabi.net/page_pdf_images/20060083/7d929af0-bf8b-11ef-8065-0efae983d694/x_large,NoFrills
148,"COCA-COLA or PEPSI SOFT DRINKS, 2 L",1.66,https://f.wishabi.net/page_items/363882410/1736344677/extra_large.jpg,NoFrills
79,"COLGATE PREMIUM TOOTHPASTE, 70-150 mL or MANUAL TOOTHBRUSH, 1 ea",3.49,https://f.wishabi.net/page_pdf_images/20132379/656f97b2-cdc7-11ef-9841-0e1ba86a8db4/x_large,NoFrills
57,"COUNTRY HARVEST BREAD, 600/650 g or BAGELS, 6's",2.88,https://f.wishabi.net/page_pdf_images/20060078/80116158-bf8b-11ef-8394-0ec6e2beadde/x_large,NoFrills
118,"CRACKER BARREL NATURAL CHEESE SLICES, 200-240 g",4.44,https://f.wishabi.net/page_items/363882370/1736344670/extra_large.jpg,NoFrills
9,"CROWN BABKA, 500 g",6.99,https://f.wishabi.net/page_pdf_images/20060090/7c8c19d8-bf8b-11ef-a299-0ec6e2beadde/x_large,NoFrills
311,Calamondin Orange Tree 1 Gallon Pot,33.88,https://f.wishabi.net/page_pdf_images/20097165/e86218f4-c979-11ef-beca-0ec6e2beadde/x_large,Freshco
208,Campbell's Ready-to-Eat Soup 515 mL,2.49,https://f.wishabi.net/page_pdf_images/20097159/e77e2aea-c979-11ef-99ec-0efae983d694/x_large,Freshco
332,Castello Sliced Cheese 125-165 g,4.99,https://f.wishabi.net/page_pdf_images/20097158/ea4f760c-c979-11ef-b928-0ec6e2beadde/x_large,Freshco
287,Celery Product of USA No. 1 Grade Yellow Potatoes 5 lb Product of Canada Canada No. 2,2.49,https://f.wishabi.net/page_pdf_images/20097158/e8ccaf52-c979-11ef-b928-0ec6e2beadde/x_large,Freshco
313,Cheetos 170-285 g Miss Vickie's 180-200 g,3.49,https://f.wishabi.net/page_pdf_images/20097159/e9066d82-c979-11ef-99ec-0efae983d694/x_large,Freshco
301,Cheetos Mac'n Cheese 170 g or Rice-A-Roni or Pasta Roni 136-227 g,1.25,https://f.wishabi.net/page_pdf_images/20097157/e7c8da40-c979-11ef-96ba-0efae983d694/x_large,Freshco
357,Chen Ke Ming Udon or Raman Noodles 800 g,2.98,https://f.wishabi.net/page_pdf_images/20097165/e6b412b4-c979-11ef-beca-0ec6e2beadde/x_large,Freshco
279,Cherries Product of Peru No. 1 Grade 11.00/kg,4.99,https://f.wishabi.net/page_items/363414352/1735871079/extra_large.jpg,Freshco
260,Christie Family Size Cookies of Crackers 345-520 g,3.99,https://f.wishabi.net/page_pdf_images/20097159/e699c59e-c979-11ef-99ec-0efae983d694/x_large,Freshco
326,Christie Good Thins Crackers 100 g,3.79,https://f.wishabi.net/page_pdf_images/20097161/e811bc60-c979-11ef-b970-0efae983d694/x_large,Freshco
242,Cilantro or Mint Bunch Product of USA or Mexico,0.99,https://f.wishabi.net/page_items/363414373/1735871078/extra_large.jpg,Freshco
333,Clorox Cleaners 887-946 mL,3.99,https://f.wishabi.net/page_pdf_images/20097159/e84fc73a-c979-11ef-99ec-0efae983d694/x_large,Freshco
362,Coca-Cola Soft Drinks Mini Cans 6x222 mL,3.88,https://f.wishabi.net/page_pdf_images/20097157/e8eb4d86-c979-11ef-96ba-0efae983d694/x_large,Freshco
309,Coco Buri Coconut water 1 L,3.98,https://f.wishabi.net/page_pdf_images/20097165/e9a4f222-c979-11ef-beca-0ec6e2beadde/x_large,Freshco
356,"Colgate Toothpaste 73-75 mL, Total Advanced Toothpaste 120 mL Bamboo Charcoal Toothbrush 1 pk",4.49,https://f.wishabi.net/page_pdf_images/20097159/ea26c39c-c979-11ef-99ec-0efae983d694/x_large,Freshco
358,Compliments All-Purpose Reusable Cloths 15 pk,2.49,https://f.wishabi.net/page_pdf_images/20097162/e830da64-c979-11ef-87d2-0efae983d694/x_large,Freshco
240,Compliments Avocado Oil 500 mL,8.99,https://f.wishabi.net/page_pdf_images/20097163/e851fadc-c979-11ef-9e81-0e7faade0358/x_large,Freshco
232,Compliments Bleach 2.4 L or Multi-Surface Cleaner 1.41 L,2.99,https://f.wishabi.net/page_pdf_images/20097162/e5da7e82-c979-11ef-87d2-0efae983d694/x_large,Freshco
319,Compliments Breakfast or Dinner Sausages 1-1.4 kg,11.00,https://f.wishabi.net/page_pdf_images/20097158/e627c638-c979-11ef-b928-0ec6e2beadde/x_large,Freshco
264,Compliments Cheese Bars 400 g Compliments Shredded Cheese 226-320 g,5.49,https://f.wishabi.net/page_pdf_images/20097163/e74d4a24-c979-11ef-9e81-0e7faade0358/x_large,Freshco
213,Compliments Deli Meat 175 g Selected Varieties,3.00,https://f.wishabi.net/page_pdf_images/20097158/e6637b6a-c979-11ef-b928-0ec6e2beadde/x_large,Freshco
198,Compliments Dish Soap 5 L,7.99,https://f.wishabi.net/page_pdf_images/20097162/e6a89b28-c979-11ef-87d2-0efae983d694/x_large,Freshco
359,Compliments Disinfecting Wipes 75 pk,3.79,https://f.wishabi.net/page_pdf_images/20097162/e7e0bade-c979-11ef-87d2-0efae983d694/x_large,Freshco
199,Compliments Dryer Sheets 120 pk,3.99,https://f.wishabi.net/page_pdf_images/20097162/e6317930-c979-11ef-87d2-0efae983d694/x_large,Freshco
221,Compliments Fabric Softener 4.4 L,6.49,https://f.wishabi.net/page_pdf_images/20097162/e5db8aac-c979-11ef-87d2-0efae983d694/x_large,Freshco
268,Compliments Foil Wrap 100 ft,3.99,https://f.wishabi.net/page_pdf_images/20097162/e884fffe-c979-11ef-87d2-0efae983d694/x_large,Freshco
239,Compliments Freezer Bags 30 pk,3.99,https://f.wishabi.net/page_pdf_images/20097162/e6d846de-c979-11ef-87d2-0efae983d694/x_large,Freshco
246,Compliments Frozen Entrees 300 g,3.49,https://f.wishabi.net/page_pdf_images/20097163/e68863b2-c979-11ef-9e81-0e7faade0358/x_large,Freshco
222,Compliments Garbage Bags 20-40 pk,5.99,https://f.wishabi.net/page_pdf_images/20097162/e6898d64-c979-11ef-87d2-0efae983d694/x_large,Freshco
244,Compliments Grape Jelly or Pure Jam 500 mL,4.99,https://f.wishabi.net/page_pdf_images/20097163/e898b81e-c979-11ef-9e81-0e7faade0358/x_large,Freshco
236,Compliments Hot Chocolate Mix 1.8 kg,10.99,https://f.wishabi.net/page_pdf_images/20097163/e6e7f598-c979-11ef-9e81-0e7faade0358/x_large,Freshco
245,Compliments Ice Cream 1.5 L,4.49,https://f.wishabi.net/page_pdf_images/20097163/e8df2fe2-c979-11ef-9e81-0e7faade0358/x_large,Freshco
195,Compliments Lemons 2 lb Product of Spain or Egypt 907 g Cara Cara Oranges 2 lb Product of USA 907 g,3.99,https://f.wishabi.net/page_pdf_images/20097160/e5b8fabe-c979-11ef-ba15-0e7faade0358/x_large,Freshco
224,Compliments Parchment Paper 35 ft.,1.99,https://f.wishabi.net/page_pdf_images/20097162/e80a2d60-c979-11ef-87d2-0efae983d694/x_large,Freshco
270,Compliments Pasta Sauces 680 mL,1.99,https://f.wishabi.net/page_pdf_images/20097163/e632a49a-c979-11ef-9e81-0e7faade0358/x_large,Freshco
229,"Compliments Peameal-Style Bacon, Cured Pork Loin Rolled in Cornmeal 6.59/kg",2.99,https://f.wishabi.net/page_pdf_images/20097155/e64676f0-c979-11ef-a647-0e7faade0358/x_large,Freshco
273,Compliments Pudding 4 pk,1.49,https://f.wishabi.net/page_pdf_images/20097163/e87a244e-c979-11ef-9e81-0e7faade0358/x_large,Freshco
272,Compliments Snack Crackers 200-225 g,2.29,https://f.wishabi.net/page_pdf_images/20097163/e630b734-c979-11ef-9e81-0e7faade0358/x_large,Freshco
223,Compliments Sparkling Water 12x355 mL Compliments Soft Drinks 12x355 mL,4.99,https://f.wishabi.net/page_pdf_images/20097163/e81bcd86-c979-11ef-9e81-0e7faade0358/x_large,Freshco
267,Compliments Watermelon Beverage or Lemonade 1.75 L,2.49,https://f.wishabi.net/page_pdf_images/20097163/e75916f6-c979-11ef-9e81-0e7faade0358/x_large,Freshco
20,"DAIKON, NAPA CABBAGE or TAIWANESE CABBAGE",0.98,https://f.wishabi.net/page_pdf_images/20060087/79d08166-bf8b-11ef-8d40-0ec6e2beadde/x_large,NoFrills
83,"DANONE OIKOS GREEK, 4's or ACTIVIA, 650 g YOGURT",3.00,https://f.wishabi.net/page_pdf_images/20132376/6bf32cde-cdc7-11ef-a8d4-0ec6e2beadde/x_large,NoFrills
108,"DEGLET NOUR PITTED DATES, 795 g, HONEY PITTED DATES, 907 g or ORGANIC PITTED DATES, 340 g",4.99,https://f.wishabi.net/page_pdf_images/20132380/6931500c-cdc7-11ef-a59a-0e7faade0358/x_large,NoFrills
116,"DEL MONTE JUGS, 2.5 L",5.88,https://f.wishabi.net/page_items/363882423/1736344682/extra_large.jpg,NoFrills
62,"DELCATO JAPANESE CHEESECAKE, 300 g",7.88,https://f.wishabi.net/page_pdf_images/20060088/788d79c6-bf8b-11ef-908f-0e7faade0358/x_large,NoFrills
88,"DOVE BAR SOAP, 3x106 g, BODY WASH, 325/400 mL, DEODORANT or ANTIPERSPIRANT, 45-76 g",4.99,https://f.wishabi.net/page_pdf_images/20132379/6cf6963e-cdc7-11ef-9841-0e1ba86a8db4/x_large,NoFrills
54,DRAGON FRUIT,1.98,https://f.wishabi.net/page_pdf_images/20060087/77c5ba9e-bf8b-11ef-8d40-0ec6e2beadde/x_large,NoFrills
265,Dan-D Pak Salted or Unsalted Cashews 454 g,6.88,https://f.wishabi.net/page_pdf_images/20097155/e5c56c7c-c979-11ef-a647-0e7faade0358/x_large,Freshco
247,Deep Kesar Mango Pulp 850 g,3.49,https://f.wishabi.net/page_pdf_images/20097164/e67aba00-c979-11ef-ba57-0e1ba86a8db4/x_large,Freshco
303,Del Monte Juice 1.6 L,,https://f.wishabi.net/page_pdf_images/20097157/ea40b0ea-c979-11ef-96ba-0efae983d694/x_large,Freshco
306,"Dempster's Whole Grain Bread 600 g, Signature Bread 600 g or Tortillas 426-640 g Thomas' English Muffins 6 pk",2.99,https://f.wishabi.net/page_pdf_images/20097158/eab0d604-c979-11ef-b928-0ec6e2beadde/x_large,Freshco
182,"EARTH'S OWN BEVERAGES, 1.75/1.89 L",3.77,https://f.wishabi.net/page_pdf_images/20060081/8274af4a-bf8b-11ef-a7eb-0ec6e2beadde/x_large,NoFrills
294,ETE Frozen Dessert Bar 4x65-75 g Selected Varieties,5.48,https://f.wishabi.net/page_items/363414331/1735871082/extra_large.jpg,Freshco
47,EXTRA LEAN GROUND BEEF,7.44,https://f.wishabi.net/page_items/362426595/1734779100/extra_large.jpg,NoFrills
343,"Eggplant, Green, Yellow or Grey Zucchini Product of USA or Mexico 4.39/kg",1.99,https://f.wishabi.net/page_pdf_images/20097158/e82a4b90-c979-11ef-b928-0ec6e2beadde/x_large,Freshco
217,Elite Salads Whitefish Spread 200 g,4.99,https://f.wishabi.net/page_pdf_images/20097166/e644474a-c979-11ef-8a9d-0ec6e2beadde/x_large,Freshco
361,Elite Turkish Coffee 100 g,2.99,https://f.wishabi.net/page_pdf_images/20097166/e73d310c-c979-11ef-8a9d-0ec6e2beadde/x_large,Freshco
56,"FARMER'S MARKET™ AMBROSIA or MCINTOSH APPLES, 4 LB BAG",4.88,https://f.wishabi.net/page_pdf_images/20060077/83b8c72e-bf8b-11ef-a712-0ec6e2beadde/x_large,NoFrills
22,"FARMER'S MARKET™ CARROTS or YELLOW ONIONS, 3 LB BAG",1.44,https://f.wishabi.net/page_pdf_images/20060091/76e83f98-bf8b-11ef-aa8a-0ec6e2beadde/x_large,NoFrills
58,"FARMER'S MARKET™ GLAZED DOUGHNUTS, 552 g",3.22,https://f.wishabi.net/page_pdf_images/20060078/8119656e-bf8b-11ef-8394-0ec6e2beadde/x_large,NoFrills
0,"FARMER'S MARKET™ RED ONIONS, 10 LB BAG",5.99,https://f.wishabi.net/page_pdf_images/20060077/82e30d32-bf8b-11ef-a712-0ec6e2beadde/x_large,NoFrills
29,"FERRERO ROCHER HEART BOXED CHOCOLATE, 89.5/100 g",6.99,https://f.wishabi.net/page_pdf_images/20060086/7a3c9054-bf8b-11ef-8728-0edc53c25ee6/x_large,NoFrills
138,"FRANK'S RED HOT, THICK SAUCE or SQUEEZE, 354 mL",3.55,https://f.wishabi.net/page_items/363882430/1736344686/extra_large.jpg,NoFrills
308,Fleecy Fabric Int Softener 3.5 L Fleecy Dryer Sheets 200 pk,8.99,https://f.wishabi.net/page_pdf_images/20097159/e9db66a4-c979-11ef-99ec-0efae983d694/x_large,Freshco
282,Folgers Ground Coffee 544-816 g,12.99,https://f.wishabi.net/page_pdf_images/20097161/e794f572-c979-11ef-b970-0efae983d694/x_large,Freshco
234,Foodfest Solo Fillets 400 g,4.99,https://f.wishabi.net/page_pdf_images/20097166/e5ccc71a-c979-11ef-8a9d-0ec6e2beadde/x_large,Freshco
98,"GALLO EXTRA VIRGIN OLIVE OIL, 1 L",13.99,https://f.wishabi.net/page_items/363882428/1736344685/extra_large.jpg,NoFrills
46,"GARLIC, 1 KG",3.88,https://f.wishabi.net/page_pdf_images/20060091/7926996c-bf8b-11ef-aa8a-0ec6e2beadde/x_large,NoFrills
102,"GARNIER WHOLE BLENDS, 346-370 mL",4.99,https://f.wishabi.net/page_pdf_images/20132379/63dc1498-cdc7-11ef-9841-0e1ba86a8db4/x_large,NoFrills
27,"GENERAL MILLS FAMILY SIZE CEREAL, 475-778 g",5.49,https://f.wishabi.net/page_pdf_images/20060083/79486f06-bf8b-11ef-8065-0efae983d694/x_large,NoFrills
181,"GIUSEPPE EASY PIZZI, 560-600 g",5.99,https://f.wishabi.net/page_pdf_images/20060083/7e753cf2-bf8b-11ef-8065-0efae983d694/x_large,NoFrills
23,GIVAT YOGURT 142 g,1.49,https://f.wishabi.net/page_pdf_images/20060090/77484abe-bf8b-11ef-a299-0ec6e2beadde/x_large,NoFrills
176,"GLAD GARBAGE BAGS, 10-52's",8.22,https://f.wishabi.net/page_pdf_images/20060081/82cdf3de-bf8b-11ef-a7eb-0ec6e2beadde/x_large,NoFrills
155,"GOGO SQUEEZ FRUIT SAUCE, 360 g",2.25,https://f.wishabi.net/page_pdf_images/20060080/76aa65c4-bf8b-11ef-8f17-0edc53c25ee6/x_large,NoFrills
172,"GREEN or RED PEPPERS, PKG OF 4",4.22,https://f.wishabi.net/page_pdf_images/20060077/78a856f6-bf8b-11ef-a712-0ec6e2beadde/x_large,NoFrills
252,Gatorade 6x591 mL or 8x355 mL,5.49,https://f.wishabi.net/page_pdf_images/20097157/e717405a-c979-11ef-96ba-0efae983d694/x_large,Freshco
210,Gay Lea Butter Salted or Unsalted 454 g,4.99,https://f.wishabi.net/page_pdf_images/20097155/e644f15e-c979-11ef-a647-0e7faade0358/x_large,Freshco
286,General Mills Cereal Selected Varieties 297-430 g,3.49,https://f.wishabi.net/page_pdf_images/20097159/e6ebb994-c979-11ef-99ec-0efae983d694/x_large,Freshco
316,Good Leaf Salad 113 g Micro Greens 50 g Product of Ontario,2.99,https://f.wishabi.net/page_pdf_images/20097158/e939e98c-c979-11ef-b928-0ec6e2beadde/x_large,Freshco
261,Grapefruit Product of Israel,1.49,https://f.wishabi.net/page_items/363414188/1735871082/extra_large.jpg,Freshco
207,Green Seedless Grapes Product of Peru or South Africa No. 1 Grade 8.80/kg,3.99,https://f.wishabi.net/page_items/363414350/1735871073/extra_large.jpg,Freshco
87,"HALDIRAM'S INDIAN SNACKS, 150 g",1.29,https://f.wishabi.net/page_items/363882395/1736344590/extra_large.jpg,NoFrills
140,"HALDIRAM'S PANI PURI, 275 g",5.49,https://f.wishabi.net/page_items/363882398/1736344591/extra_large.jpg,NoFrills
125,"HELLMANN'S REAL MAYONNAISE, 340/445 mL",4.22,https://f.wishabi.net/page_items/363882425/1736344683/extra_large.jpg,NoFrills
65,"HEREFORD CORNED BEEF, 340 g",3.99,https://f.wishabi.net/page_pdf_images/20060081/7f44dfac-bf8b-11ef-a7eb-0ec6e2beadde/x_large,NoFrills
21,"HERSHEY'S KISSES, 180 g or REESE'S HEARTS, 161 g",4.49,https://f.wishabi.net/page_pdf_images/20060086/7727869e-bf8b-11ef-8728-0edc53c25ee6/x_large,NoFrills
84,"HUGGIES ECONO PACK DIAPERS, 68-168's",34.99,https://f.wishabi.net/page_pdf_images/20132379/69d039c4-cdc7-11ef-9841-0e1ba86a8db4/x_large,NoFrills
330,Harvest Snaps 85-94 g,2.69,https://f.wishabi.net/page_pdf_images/20097161/e868cf14-c979-11ef-b970-0efae983d694/x_large,Freshco
280,Honeycrisp Apples Product of Ontario Canada Extra Fancy Cosmic Crisp Apples Product of USA Extra Fancy Grade 4.39/kg,1.99,https://f.wishabi.net/page_items/363414353/1735871080/extra_large.jpg,Freshco
302,Hothouse Tomatoes Product of Ontario Canada No. 1 or Mexico No. 1 Grade Green Sweet Bell Peppers Product of USA or Mexico 5.49/kg,2.49,https://f.wishabi.net/page_pdf_images/20097158/e738ccca-c979-11ef-b928-0ec6e2beadde/x_large,Freshco
249,Hunter Bee Natural Honey 1 kg,8.99,https://f.wishabi.net/page_pdf_images/20097164/e92cbeb0-c979-11ef-ba57-0e1ba86a8db4/x_large,Freshco
93,"IRISH SPRING BODY WASH, 591 mL or BAR SOAP, 6x104 g or SOFTSOAP BODY WASH, 591 mL",4.49,https://f.wishabi.net/page_pdf_images/20132379/65bb59fe-cdc7-11ef-9841-0e1ba86a8db4/x_large,NoFrills
141,"ITALPASTA, 750 g or CATELLI SAUCE, 600 mL",1.33,https://f.wishabi.net/page_pdf_images/20132376/686bc13e-cdc7-11ef-a8d4-0ec6e2beadde/x_large,NoFrills
193,Iceberg Lettuce Product of USA No. 1 Grade Broccoli Crowns Product of USA or Mexico 4.39/kg,1.99,https://f.wishabi.net/page_pdf_images/20097155/e7960ae8-c979-11ef-a647-0e7faade0358/x_large,Freshco
363,Iikim Mat Cabbage Kimchi 500 g,5.98,https://f.wishabi.net/page_pdf_images/20097165/e95985da-c979-11ef-beca-0ec6e2beadde/x_large,Freshco
237,India Gate Basmati Rice 4.54 kg,12.99,https://f.wishabi.net/page_pdf_images/20097164/e62fa8ee-c979-11ef-ba57-0e1ba86a8db4/x_large,Freshco
81,"JAMIESON VITAMIN C or D, 75-240's",6.99,https://f.wishabi.net/page_pdf_images/20132379/6737e4c8-cdc7-11ef-9841-0e1ba86a8db4/x_large,NoFrills
163,JAPANESE YAMS,1.88,https://f.wishabi.net/page_pdf_images/20060087/7d9ec028-bf8b-11ef-8d40-0ec6e2beadde/x_large,NoFrills
350,Janes Breaded or Battered Fish Selected Varieties Frozen 450-510 g,7.99,https://f.wishabi.net/page_pdf_images/20097158/ea2d9708-c979-11ef-b928-0ec6e2beadde/x_large,Freshco
305,Jif Peanut Butter 1 kg,5.77,https://f.wishabi.net/page_pdf_images/20097161/e76ee6f2-c979-11ef-b970-0efae983d694/x_large,Freshco
131,KALE or BUNCH SPINACH,2.44,https://f.wishabi.net/page_pdf_images/20060077/80e21280-bf8b-11ef-a712-0ec6e2beadde/x_large,NoFrills
159,"KELLOGG'S CEREAL, 247-435 g",3.44,https://f.wishabi.net/page_pdf_images/20060081/84cde0cc-bf8b-11ef-a7eb-0ec6e2beadde/x_large,NoFrills
167,"KELLOGG'S RICE KRISPIES, 176/198 g, POP TARTS, 384 g, SPECIAL K, 125 g or NUTRI-GRAIN, 295 g BARS",2.99,https://f.wishabi.net/page_pdf_images/20060083/7a5c2a18-bf8b-11ef-8065-0efae983d694/x_large,NoFrills
2,"KIND HEALTHY GRAINS BARS, 175 g or BREAKFAST BARS, 200 g",3.99,https://f.wishabi.net/page_pdf_images/20060081/81b2c43e-bf8b-11ef-a7eb-0ec6e2beadde/x_large,NoFrills
25,"KJ DUMPLINGS, 380 g",2.88,https://f.wishabi.net/page_pdf_images/20060088/7aafd1fe-bf8b-11ef-908f-0e7faade0358/x_large,NoFrills
26,"KOL YAM ATLANTIC SALMON STEAKS, 454 g",12.49,https://f.wishabi.net/page_pdf_images/20060090/7ac84b80-bf8b-11ef-a299-0ec6e2beadde/x_large,NoFrills
179,"KOSA RICE FLOUR, 400 g",0.88,https://f.wishabi.net/page_pdf_images/20060088/794076d4-bf8b-11ef-908f-0e7faade0358/x_large,NoFrills
15,KOSHER MEHADRIN MINCED BEEF LEAN,13.99,https://f.wishabi.net/page_pdf_images/20060090/7ea31e06-bf8b-11ef-a299-0ec6e2beadde/x_large,NoFrills
66,KRAFT PEANUT BUTTER 750 g/1 kg or HAZELNUT SPREAD 725 g,5.88,https://f.wishabi.net/page_pdf_images/20060081/7fb59ca6-bf8b-11ef-a7eb-0ec6e2beadde/x_large,NoFrills
283,Kellogg's Core Bars 125-384 g,2.99,https://f.wishabi.net/page_pdf_images/20097159/e6512a28-c979-11ef-99ec-0efae983d694/x_large,Freshco
340,Khaas Halal or Dahi Yogourt 750 g,2.99,https://f.wishabi.net/page_pdf_images/20097159/e5d789ca-c979-11ef-99ec-0efae983d694/x_large,Freshco
320,Kicking Horse Whole Bean Coffee 454 g,13.99,https://f.wishabi.net/page_items/363414286/1735871089/extra_large.jpg,Freshco
354,Kikkoman Marinade Teriyaki Sauce 296 mL,3.48,https://f.wishabi.net/page_pdf_images/20097165/e9338ee8-c979-11ef-beca-0ec6e2beadde/x_large,Freshco
323,Kikkoman Panko Bread Crumbs 227 g,3.48,https://f.wishabi.net/page_pdf_images/20097165/e6386128-c979-11ef-beca-0ec6e2beadde/x_large,Freshco
297,Kind Granola 312 g,5.49,https://f.wishabi.net/page_pdf_images/20097161/e8679522-c979-11ef-b970-0efae983d694/x_large,Freshco
310,Kirin Milk Tea 1.5 L,5.48,https://f.wishabi.net/page_pdf_images/20097165/e6f553d2-c979-11ef-beca-0ec6e2beadde/x_large,Freshco
263,Kohinoor Extra Long Basmati Rice 4 kg,12.99,https://f.wishabi.net/page_pdf_images/20097164/e8b08f16-c979-11ef-ba57-0e1ba86a8db4/x_large,Freshco
335,Kokuho Rice Yellow 5 kg,18.88,https://f.wishabi.net/page_items/363414340/1735871088/extra_large.jpg,Freshco
259,Kraft Dinner 175-200 g or Heinz Beans or Pasta 398 mL,1.44,https://f.wishabi.net/page_pdf_images/20097157/e8f0220c-c979-11ef-96ba-0efae983d694/x_large,Freshco
63,LEA & PERRINS WORCESTERSHIRE SAUCE 284 mL,,https://f.wishabi.net/page_items/362472608/1734779118/extra_large.jpg,NoFrills
78,"LECLERC CÉLÉBRATION COOKIES, 240 g",2.99,https://f.wishabi.net/page_pdf_images/20060083/777259b2-bf8b-11ef-8065-0efae983d694/x_large,NoFrills
178,"LECLERC NUGABAR or GO PURE BARS, 140-175 g",2.88,https://f.wishabi.net/page_pdf_images/20060081/76e0f1b6-bf8b-11ef-a7eb-0ec6e2beadde/x_large,NoFrills
36,LEMONS or KIWI,0.77,https://f.wishabi.net/page_pdf_images/20060077/79bf9de2-bf8b-11ef-a712-0ec6e2beadde/x_large,NoFrills
75,"LIBERTÉ GREEK, 650/750 g, YOPLAIT, 16's or YOP NO SUGAR ADDED, 8's YOGURT",6.49,https://f.wishabi.net/page_pdf_images/20060083/78c65dae-bf8b-11ef-8065-0efae983d694/x_large,NoFrills
124,"LIBERTÉ MÉDITERRANÉE, 4's, 500 g or LIBERTÉ GREEK, 4's YOGURT",2.77,https://f.wishabi.net/page_items/363882389/1736344673/extra_large.jpg,NoFrills
89,"LIFE BRAND® LIQUID HAND SOAP REFILL, 2 L",5.00,https://f.wishabi.net/page_pdf_images/20132379/68c8bb5a-cdc7-11ef-9841-0e1ba86a8db4/x_large,NoFrills
162,"LILYDALE TURKEY DINNER SAUSAGES, 500 g",6.99,https://f.wishabi.net/page_pdf_images/20060078/76f015ba-bf8b-11ef-8394-0ec6e2beadde/x_large,NoFrills
103,"LISTERINE CLASSIC MOUTHWASH, 1 L",5.49,https://f.wishabi.net/page_pdf_images/20132379/6ac3c8dc-cdc7-11ef-9841-0e1ba86a8db4/x_large,NoFrills
90,LONG EGGPLANT,1.99,https://f.wishabi.net/page_pdf_images/20132380/6638100c-cdc7-11ef-a59a-0e7faade0358/x_large,NoFrills
12,"LYSOL MULTI SURFACE CLEANER, 1.2 L or SPRAYS, 650/950 mL",3.55,https://f.wishabi.net/page_pdf_images/20060081/7c51b64e-bf8b-11ef-a7eb-0ec6e2beadde/x_large,NoFrills
339,Larabar Single Bars 45-48 g,1.29,https://f.wishabi.net/page_pdf_images/20097161/e8bd1b8c-c979-11ef-b970-0efae983d694/x_large,Freshco
251,Lay's Potato Chips 177-235 g or Poppables 130 g Smartfood Popcorn 150-220 g Tostitos Tortilla Chips 205-300 g Lay's Multicultural 165 g,2.99,https://f.wishabi.net/page_pdf_images/20097157/e9bbfdc8-c979-11ef-96ba-0efae983d694/x_large,Freshco
191,Leadbetters Lean Ground Beef Frozen 1.25 kg,9.00,https://f.wishabi.net/page_pdf_images/20097155/e6fcbdca-c979-11ef-a647-0e7faade0358/x_large,Freshco
290,Lean Ground Pork 450 g,3.99,https://f.wishabi.net/page_items/363414360/1735871086/extra_large.jpg,Freshco
322,Lee Kum Kee Hoisin Sauce 443 mL,2.98,https://f.wishabi.net/page_pdf_images/20097165/e72f097e-c979-11ef-beca-0ec6e2beadde/x_large,Freshco
189,Lenchner's Frozen Puff Pastry 500 g,2.49,https://f.wishabi.net/page_pdf_images/20097166/e68c72d6-c979-11ef-8a9d-0ec6e2beadde/x_large,Freshco
215,Liberté Greek Yogourt 650-750 g Yoplait Source Yogourt 16 pk,6.49,https://f.wishabi.net/page_pdf_images/20097159/e8cc0a98-c979-11ef-99ec-0efae983d694/x_large,Freshco
218,Limes Product of Mexico,0.33,https://f.wishabi.net/page_pdf_images/20097160/e65f7420-c979-11ef-ba15-0e7faade0358/x_large,Freshco
274,Long Squash Product of Honduras 3.28/kg,1.49,https://f.wishabi.net/page_items/363414374/1735871080/extra_large.jpg,Freshco
206,Lysol Cleaner 650 mL-1.2 L,3.99,https://f.wishabi.net/page_pdf_images/20097157/e8159aec-c979-11ef-96ba-0efae983d694/x_large,Freshco
183,"MANDARINS, 4 LB BAG",6.88,https://f.wishabi.net/page_pdf_images/20060077/7e2f12d6-bf8b-11ef-a712-0ec6e2beadde/x_large,NoFrills
168,"MAYNARDS, 150/154 g or WERTHER'S, 116-135 g CANDY",2.29,https://f.wishabi.net/page_pdf_images/20060083/7d114b44-bf8b-11ef-8065-0efae983d694/x_large,NoFrills
24,"MEHADRIN BEEF SALAMI, 375 g",7.99,https://f.wishabi.net/page_pdf_images/20060090/7e21bba4-bf8b-11ef-a299-0ec6e2beadde/x_large,NoFrills
7,MEHOUDAR HEARTS OF PALM WHOLE,2.99,https://f.wishabi.net/page_pdf_images/20060090/79e308a4-bf8b-11ef-a299-0ec6e2beadde/x_large,NoFrills
55,"MIZKAN RICE VINEGAR, 355 mL",2.88,https://f.wishabi.net/page_pdf_images/20060088/7bf8018a-bf8b-11ef-908f-0e7faade0358/x_large,NoFrills
169,"MONSIEUR GUSTAV CHEESE or ILE DE FRANCE BRIE, 125-170 g",5.00,https://f.wishabi.net/page_pdf_images/20060078/7ce87818-bf8b-11ef-8394-0ec6e2beadde/x_large,NoFrills
67,"MOTT'S CLAMATO or GARDEN COCKTAIL, 1.89 L",3.77,https://f.wishabi.net/page_pdf_images/20060081/783a1f56-bf8b-11ef-a7eb-0ec6e2beadde/x_large,NoFrills
289,Maggi Liquid Seasoning 800 mL,8.98,https://f.wishabi.net/page_pdf_images/20097165/e730ee4c-c979-11ef-beca-0ec6e2beadde/x_large,Freshco
291,Maple Leaf Prime Raised Without Antibiotics Chicken Drumsticks or Thighs 540-604 g,6.00,https://f.wishabi.net/page_pdf_images/20097158/e98491ee-c979-11ef-b928-0ec6e2beadde/x_large,Freshco
196,Marvid Chicken Cut in 4 7.69/kg,3.49,https://f.wishabi.net/page_pdf_images/20097166/e609261a-c979-11ef-8a9d-0ec6e2beadde/x_large,Freshco
209,Mazola Canola or Corn Oil 2.84 L,8.88,https://f.wishabi.net/page_pdf_images/20097155/e828a358-c979-11ef-a647-0e7faade0358/x_large,Freshco
214,"McCain Premium Breakfast Potatoes 600-650 g, Premium Superfries 454-650 g or Frozen Potato Medleys 400 g",3.99,https://f.wishabi.net/page_pdf_images/20097159/eaad3daa-c979-11ef-99ec-0efae983d694/x_large,Freshco
347,Mini Seedless Cucumbers 6 pk Product of Ontario Canada No. 1 Grape Tomatoes 283 g Product of Mexico or USA,2.99,https://f.wishabi.net/page_pdf_images/20097158/e8d23580-c979-11ef-b928-0ec6e2beadde/x_large,Freshco
276,Mitchell's Sarson Ka Saag or Spinach Puree 800 g,2.99,https://f.wishabi.net/page_pdf_images/20097164/e781a0ee-c979-11ef-ba57-0e1ba86a8db4/x_large,Freshco
285,"Money Trees 5"" Deco Pot",9.88,https://f.wishabi.net/page_pdf_images/20097165/e85d9540-c979-11ef-beca-0ec6e2beadde/x_large,Freshco
219,Mr. Garden Cucumbers in Brine Product of Israel 6701 mL,1.79,https://f.wishabi.net/page_pdf_images/20097166/e7cc3dca-c979-11ef-8a9d-0ec6e2beadde/x_large,Freshco
212,Mutti Tomatoes 796 mL or Passata 680 mL,3.99,https://f.wishabi.net/page_pdf_images/20097157/e6ed769e-c979-11ef-96ba-0efae983d694/x_large,Freshco
121,"NATURE VALLEY GRANOLA BARS or MOTT'S or BETTY CROCKER FRUIT SNACKS, 120-230 g",2.49,https://f.wishabi.net/page_items/363882420/1736344681/extra_large.jpg,NoFrills
6,NAVEL ORANGES,0.88,https://f.wishabi.net/page_items/362472794/1734779101/extra_large.jpg,NoFrills
128,"NEILSON TRUTASTE MILK, 4 L",4.99,https://f.wishabi.net/page_pdf_images/20132376/66dcbed6-cdc7-11ef-a8d4-0ec6e2beadde/x_large,NoFrills
51,"NESTLÉ CARNATION HOT CHOCOLATE, 400/450 g or NESCAFÉ SWEET & CREAMY, 144-351 g",4.99,https://f.wishabi.net/page_pdf_images/20060083/7b570438-bf8b-11ef-8065-0efae983d694/x_large,NoFrills
99,"NO NAME® BEANS, 540 mL",1.49,https://f.wishabi.net/page_pdf_images/20132374/61d58bd4-cdc7-11ef-a127-0ec6e2beadde/x_large,NoFrills
107,"NO NAME® CREAM OF MUSHROOM, TOMATO, VEGETABLE or CHICKEN NOODLE SOUP, 284 mL",0.79,https://f.wishabi.net/page_pdf_images/20132374/61302112-cdc7-11ef-a127-0ec6e2beadde/x_large,NoFrills
173,"NO NAME® FRUIT BEVERAGES, 2 L",2.00,https://f.wishabi.net/page_pdf_images/20060083/7ccb05b2-bf8b-11ef-8065-0efae983d694/x_large,NoFrills
106,"NO NAME® PASTA SAUCE, 680 mL",1.79,https://f.wishabi.net/page_pdf_images/20132374/61810438-cdc7-11ef-a127-0ec6e2beadde/x_large,NoFrills
147,"NO NAME® PASTA, 900 g",2.00,https://f.wishabi.net/page_pdf_images/20132374/60e51af0-cdc7-11ef-a127-0ec6e2beadde/x_large,NoFrills
91,"NO NAME® TOMATOES, 796 mL",1.69,https://f.wishabi.net/page_pdf_images/20132374/60831152-cdc7-11ef-a127-0ec6e2beadde/x_large,NoFrills
95,"NO NAME® TUNA, 170 g",1.00,https://f.wishabi.net/page_pdf_images/20132374/622bdcf0-cdc7-11ef-a127-0ec6e2beadde/x_large,NoFrills
136,"NO NAME® VEGETABLES, 341/398 mL",1.25,https://f.wishabi.net/page_pdf_images/20132374/6280cb70-cdc7-11ef-a127-0ec6e2beadde/x_large,NoFrills
228,Natrel Organic Milk 2 L Selected Varieties,6.49,https://f.wishabi.net/page_pdf_images/20097161/e91ae8ca-c979-11ef-b970-0efae983d694/x_large,Freshco
255,Nature Valley Granola Bars or Betty Crocker Fruit Snacks Selected Varieties 128-230 g,2.49,https://f.wishabi.net/page_pdf_images/20097157/e9f77024-c979-11ef-96ba-0efae983d694/x_large,Freshco
262,Nature's Best Cheese Slices 170 g,3.99,https://f.wishabi.net/page_pdf_images/20097166/e7857520-c979-11ef-8a9d-0ec6e2beadde/x_large,Freshco
299,Nature's Path Granola 312-350 g,5.99,https://f.wishabi.net/page_pdf_images/20097161/e9c92b2e-c979-11ef-b970-0efae983d694/x_large,Freshco
126,No Frills,,https://f.wishabi.net/page_items/363882433/1736344688/extra_large.jpg,NoFrills
114,No Frills,,https://f.wishabi.net/page_items/363882383/1736344338/extra_large.jpg,NoFrills
293,Nutella Hazelnut Spread 1 kg,9.99,https://f.wishabi.net/page_pdf_images/20097159/e7b6d480-c979-11ef-99ec-0efae983d694/x_large,Freshco
329,Nuts to You Nut Butter Inc. Peanut Butter 500 g Selected Varieties,5.99,https://f.wishabi.net/page_pdf_images/20097161/e8c0ec62-c979-11ef-b970-0efae983d694/x_large,Freshco
166,"OASIS JUICE or ARIZONA ICED TEA DRINK BOXES, 8x200 mL or SUNRYPE 100% JUICE, 1.36 L",3.22,https://f.wishabi.net/page_pdf_images/20060081/795a7be2-bf8b-11ef-a7eb-0ec6e2beadde/x_large,NoFrills
117,"OLD DUTCH POTATO, 235 g or RESTAURANTE TORTILLA, 275/290 g CHIPS or HUMPTY DUMPTY SNACKS, 250-290 g",3.33,https://f.wishabi.net/page_items/363882404/1736344676/extra_large.jpg,NoFrills
129,"OLD SPICE or SECRET DEODORANT, 45-107 g",3.99,https://f.wishabi.net/page_pdf_images/20132379/6774f4e4-cdc7-11ef-9841-0e1ba86a8db4/x_large,NoFrills
50,"OLIVIERI FRESH FILLED TWIN PACK PASTA, 450-500 g, SKILLET GNOCCHI, 280/300 g or FRESH SAUCE, 300 mL",,https://f.wishabi.net/page_pdf_images/20060078/826e823c-bf8b-11ef-8394-0ec6e2beadde/x_large,NoFrills
211,"Oasis Juices, AriZona Iced Tea or Del Monte Nectars 960 mL",1.25,https://f.wishabi.net/page_pdf_images/20097155/e865f8c0-c979-11ef-a647-0e7faade0358/x_large,Freshco
258,Oasis or AriZona Iced Tea Drink Boxes 8x200 mL,6.50,https://f.wishabi.net/page_pdf_images/20097157/e7c52c74-c979-11ef-96ba-0efae983d694/x_large,Freshco
188,Of Tov Frozen Chicken 907 g,19.99,https://f.wishabi.net/page_pdf_images/20097166/e61ff4a8-c979-11ef-8a9d-0ec6e2beadde/x_large,Freshco
324,Old EI Paso Taco Kits 250-510 g,3.99,https://f.wishabi.net/page_pdf_images/20097159/e803d2a8-c979-11ef-99ec-0efae983d694/x_large,Freshco
281,"Orchids 4"" Deco Pot",9.88,https://f.wishabi.net/page_pdf_images/20097165/e9d33b8c-c979-11ef-beca-0ec6e2beadde/x_large,Freshco
192,Osem Bissli Snack 70 g,1.29,https://f.wishabi.net/page_pdf_images/20097166/e6e17e16-c979-11ef-8a9d-0ec6e2beadde/x_large,Freshco
204,Osem Couscous 250 g,1.49,https://f.wishabi.net/page_pdf_images/20097166/e6f370d0-c979-11ef-8a9d-0ec6e2beadde/x_large,Freshco
164,"PALMOLIVE DISHWASHING LIQUID, 591 mL",2.49,https://f.wishabi.net/page_pdf_images/20060083/7724583e-bf8b-11ef-8065-0efae983d694/x_large,NoFrills
104,"PAMPERS 1X WIPES, 56/72's",2.99,https://f.wishabi.net/page_pdf_images/20132379/67deeaa2-cdc7-11ef-9841-0e1ba86a8db4/x_large,NoFrills
112,"PANTENE HAIR CARE, 308/355 mL",4.49,https://f.wishabi.net/page_pdf_images/20132379/63565fd8-cdc7-11ef-9841-0e1ba86a8db4/x_large,NoFrills
28,PAPAYA,1.68,https://f.wishabi.net/page_pdf_images/20060087/7bb800b2-bf8b-11ef-8d40-0ec6e2beadde/x_large,NoFrills
31,"PARDES FARMS FROZEN FRUITS or VEGETABLES, 454-680 g",7.99,https://f.wishabi.net/page_pdf_images/20060090/7d032c76-bf8b-11ef-a299-0ec6e2beadde/x_large,NoFrills
123,PCI,,https://f.wishabi.net/page_items/363626856/1736086253/extra_large.jpg,NoFrills
40,"PC® ASIAN SOUP or ENTRÉE, 300 g or STRONG ROOTS ENTRÉE, 350 g",5.55,https://f.wishabi.net/page_pdf_images/20060081/86b660da-bf8b-11ef-a7eb-0ec6e2beadde/x_large,NoFrills
59,"PC® BLUE MENU® CHICKEN BREASTS boneless, skinless 4' s",,https://f.wishabi.net/page_items/362426601/1734779113/extra_large.jpg,NoFrills
142,"PC® DISTILLED WATER, 4 L",1.25,https://f.wishabi.net/page_pdf_images/20132379/6881ab2a-cdc7-11ef-9841-0e1ba86a8db4/x_large,NoFrills
144,"PC® FAMILY SIZE ENTRÉES, 600 g-1.13 kg or SWANSON SKILLETS, 1.19 kg",7.00,https://f.wishabi.net/page_pdf_images/20132376/69478728-cdc7-11ef-a8d4-0ec6e2beadde/x_large,NoFrills
111,"PC® FREE RUN LARGE EGGS, 12's",5.44,https://f.wishabi.net/page_pdf_images/20132377/657c8a30-cdc7-11ef-a02b-0edc53c25ee6/x_large,NoFrills
185,"PC® GREEK YOGURT, 4's",3.33,https://f.wishabi.net/page_pdf_images/20060081/8612594a-bf8b-11ef-a7eb-0ec6e2beadde/x_large,NoFrills
110,"PC® KETTLE COOKED, LOADS OF or WORLD OF CHIPS",1.88,https://f.wishabi.net/page_pdf_images/20132376/69db8e5a-cdc7-11ef-a8d4-0ec6e2beadde/x_large,NoFrills
38,"PC® RICE VERMICELLI, 225 g",1.88,https://f.wishabi.net/page_pdf_images/20060088/7c4e6af2-bf8b-11ef-908f-0e7faade0358/x_large,NoFrills
13,"PC® SALAD DRESSING, 475 mL",2.75,https://f.wishabi.net/page_pdf_images/20060092/76b1fbb8-bf8b-11ef-9ae4-0e7faade0358/x_large,NoFrills
72,"PC® WHOLE or SLICED, WHITE or CREMINI MUSHROOMS, 227 G",2.22,https://f.wishabi.net/page_pdf_images/20060077/85c1f90a-bf8b-11ef-a712-0ec6e2beadde/x_large,NoFrills
109,PEAMEAL BACON,2.88,https://f.wishabi.net/page_pdf_images/20132376/6549b27c-cdc7-11ef-a8d4-0ec6e2beadde/x_large,NoFrills
132,"PILLER'S SLICED DELI MEAT, 150/200 g",3.00,https://f.wishabi.net/page_pdf_images/20132376/6b12c518-cdc7-11ef-a8d4-0ec6e2beadde/x_large,NoFrills
145,"PILLSBURY PIZZA POPS, 380 g",3.33,https://f.wishabi.net/page_items/363882396/1736344674/extra_large.jpg,NoFrills
39,POMEGRANATES,1.77,https://f.wishabi.net/page_pdf_images/20060077/771f70ee-bf8b-11ef-a712-0ec6e2beadde/x_large,NoFrills
186,PORK COMBO CHOPS,3.88,https://f.wishabi.net/page_items/362426593/1734779098/extra_large.jpg,NoFrills
133,"POST CEREAL, 311-525 g",2.99,https://f.wishabi.net/page_pdf_images/20132376/67bc542e-cdc7-11ef-a8d4-0ec6e2beadde/x_large,NoFrills
127,"PRAN VEGETABLE SPRING ROLL or SAMOSA, 400 g",2.99,https://f.wishabi.net/page_items/363882407/1736344593/extra_large.jpg,NoFrills
113,"PRIMO SAUCE, 680 mL",1.88,https://f.wishabi.net/page_items/363882380/1736344672/extra_large.jpg,NoFrills
366,Parle-G Biscuits 300 g,1.29,https://f.wishabi.net/page_pdf_images/20097164/e7021a36-c979-11ef-ba57-0e1ba86a8db4/x_large,Freshco
220,Pomelo Gift Box 4 pk product of China,11.88,https://f.wishabi.net/page_pdf_images/20097160/e7427572-c979-11ef-ba15-0e7faade0358/x_large,Freshco
312,Powerade Variety Team Pack 24x591 mL,,https://f.wishabi.net/page_pdf_images/20097157/e8a69a88-c979-11ef-96ba-0efae983d694/x_large,Freshco
266,Purex 4.43 L Sunlight 4 L,8.99,https://f.wishabi.net/page_pdf_images/20097155/e6013644-c979-11ef-a647-0e7faade0358/x_large,Freshco
41,"Q-TIPS COTTON SWABS, 400'S",3.00,https://f.wishabi.net/page_pdf_images/20060080/77fdd488-bf8b-11ef-8f17-0edc53c25ee6/x_large,NoFrills
86,"QUAKER INSTANT OATMEAL, 232-344 g",3.44,https://f.wishabi.net/page_pdf_images/20060081/77389934-bf8b-11ef-a7eb-0ec6e2beadde/x_large,NoFrills
314,Quaker Standard Oats 709 g-1 kg Quaker Instant Oatmeal 232-344 g Quaker Instant Oatmeal Protein 232-344 g,3.49,https://f.wishabi.net/page_pdf_images/20097159/e7fa3cd4-c979-11ef-99ec-0efae983d694/x_large,Freshco
256,Que Pasa Chips 156-350 g,3.99,https://f.wishabi.net/page_pdf_images/20097161/e97a2768-c979-11ef-b970-0efae983d694/x_large,Freshco
130,RAPINI,2.99,https://f.wishabi.net/page_pdf_images/20132380/68685364-cdc7-11ef-a59a-0e7faade0358/x_large,NoFrills
156,"RED MANGOES, APPROX 9 LB CASE",7.77,https://f.wishabi.net/page_pdf_images/20060091/7a55bb42-bf8b-11ef-aa8a-0ec6e2beadde/x_large,NoFrills
44,"RED, YELLOW or RUSSET POTATOES, 10 LB BAG",4.99,https://f.wishabi.net/page_pdf_images/20060077/7f750a38-bf8b-11ef-a712-0ec6e2beadde/x_large,NoFrills
101,RESOLVE & LYSOL LAUNDRY,,https://f.wishabi.net/page_items/363882431/1736344687/extra_large.jpg,NoFrills
42,"ROMAINE HEARTS or CAULIFLOWER, PKG OF 2",3.99,https://f.wishabi.net/page_pdf_images/20060077/820b69cc-bf8b-11ef-a712-0ec6e2beadde/x_large,NoFrills
14,"ROOSTER® BROWN JASMINE or THAI SWEET RICE, 2 kg",3.88,https://f.wishabi.net/page_pdf_images/20060088/799b6a94-bf8b-11ef-908f-0e7faade0358/x_large,NoFrills
64,"ROOSTER® TOFU, 454 g",1.88,https://f.wishabi.net/page_items/362472716/1734779105/extra_large.jpg,NoFrills
82,ROYALE BATHROOM TISSUE or TIGER TOWELS,12.99,https://f.wishabi.net/page_pdf_images/20132376/698c5fec-cdc7-11ef-a8d4-0ec6e2beadde/x_large,NoFrills
115,"RUFFLES POTATO CHIPS, 180-220 g, SUNCHIPS, 205 g or MUNCHIES SNACK MIX, 250 g",3.88,https://f.wishabi.net/page_items/363882416/1736344679/extra_large.jpg,NoFrills
254,Red Baron Classic Crust Pizza 584-597 g,3.97,https://f.wishabi.net/page_pdf_images/20097157/e96cc488-c979-11ef-96ba-0efae983d694/x_large,Freshco
238,Red Carrots Product of India 11.00/kg,4.99,https://f.wishabi.net/page_pdf_images/20097164/e82ed138-c979-11ef-ba57-0e1ba86a8db4/x_large,Freshco
243,Rubicon Classic Juice 1 L Selected Varieties,2.49,https://f.wishabi.net/page_pdf_images/20097164/e67b9934-c979-11ef-ba57-0e1ba86a8db4/x_large,Freshco
45,"SCHNEIDERS PEPPERETTES, 300/375 g",6.99,https://f.wishabi.net/page_pdf_images/20060078/7af3d1c4-bf8b-11ef-8394-0ec6e2beadde/x_large,NoFrills
175,"SEAQUEST® RAW SHELL ON SHRIMP or COOKED PEELED SHRIMP, 300 g, SHRIMP RING, 227 g",5.88,https://f.wishabi.net/page_pdf_images/20060078/81f6b748-bf8b-11ef-8394-0ec6e2beadde/x_large,NoFrills
174,"SEAQUEST® WHOLE TILAPIA, 1.36 kg or WHOLE POMPANO, 800 g",8.88,https://f.wishabi.net/page_pdf_images/20060087/8015c770-bf8b-11ef-8d40-0ec6e2beadde/x_large,NoFrills
139,"SIMPLY GOURMET CRUNCHERS or PUFFIES SNACKS, 32 g",2.29,https://f.wishabi.net/page_pdf_images/20132379/6656191c-cdc7-11ef-9841-0e1ba86a8db4/x_large,NoFrills
1,"SMART SWEETS CANDY, 50 g",3.88,https://f.wishabi.net/page_pdf_images/20060081/83b4f1a8-bf8b-11ef-a7eb-0ec6e2beadde/x_large,NoFrills
97,"SNACK PACK PUDDING CUPS, 4x99 g",2.00,https://f.wishabi.net/page_items/363882400/1736344675/extra_large.jpg,NoFrills
160,"SOFTSOAP LIQUID HAND SOAP REFILL, 1.47 L",6.22,https://f.wishabi.net/page_pdf_images/20060081/7dec51ee-bf8b-11ef-a7eb-0ec6e2beadde/x_large,NoFrills
171,"SQUID BRAND FISH SAUCE, 725 mL",2.88,https://f.wishabi.net/page_pdf_images/20060088/7836cc66-bf8b-11ef-908f-0e7faade0358/x_large,NoFrills
94,"ST-HUBERT, SWISS CHALET or MONTANA'S PIES, 650-800 g",6.99,https://f.wishabi.net/page_pdf_images/20132376/676b6780-cdc7-11ef-a8d4-0ec6e2beadde/x_large,NoFrills
69,"STAGG CHILI, 425 g",2.69,https://f.wishabi.net/page_pdf_images/20060083/7e10b87c-bf8b-11ef-8065-0efae983d694/x_large,NoFrills
60,"SUMM SPRING ROLLS or DUMPLINGS, 250-350 g",3.88,https://f.wishabi.net/page_pdf_images/20060087/7f56c9e2-bf8b-11ef-8d40-0ec6e2beadde/x_large,NoFrills
85,"SURAJ® DAHI YOGURT, 750 g",2.29,https://f.wishabi.net/page_items/363882401/1736344592/extra_large.jpg,NoFrills
8,"SWISS CHALET PORK RIBS, 600 g",10.00,https://f.wishabi.net/page_pdf_images/20060078/7c7e6356-bf8b-11ef-8394-0ec6e2beadde/x_large,NoFrills
338,"Sealtest Chocolate Milk 2 L Natrel Fine-Filtered Skim, 1% or 2% Milk 2 L",4.99,https://f.wishabi.net/page_pdf_images/20097159/ea5c68a8-c979-11ef-99ec-0efae983d694/x_large,Freshco
194,Seedless Navel Oranges Product of USA 3.28/kg,1.49,https://f.wishabi.net/page_items/363414183/1735871073/extra_large.jpg,Freshco
352,Sensible Portions Veggie Snacks 120-142 g,2.99,https://f.wishabi.net/page_pdf_images/20097159/e83744f8-c979-11ef-99ec-0efae983d694/x_large,Freshco
203,Shefa Beef Lasagna 2.27 kg,22.99,https://f.wishabi.net/page_pdf_images/20097166/e689db48-c979-11ef-8a9d-0ec6e2beadde/x_large,Freshco
216,Silk Plant-Based Beverage 946 mL Selected Varieties,2.49,https://f.wishabi.net/page_pdf_images/20097161/e94c6fa8-c979-11ef-b970-0efae983d694/x_large,Freshco
331,Sinbao Star Pudding 600 g Selected Varieties,2.98,https://f.wishabi.net/page_pdf_images/20097165/ea401e00-c979-11ef-beca-0ec6e2beadde/x_large,Freshco
353,Siwin Dumplings or Potstickers 454-500 g Selected Varieties,3.88,https://f.wishabi.net/page_pdf_images/20097165/e76d02c4-c979-11ef-beca-0ec6e2beadde/x_large,Freshco
292,Siwin Taiwanese Style Pork Sausage 375 g,4.98,https://f.wishabi.net/page_pdf_images/20097165/e8c8be4c-c979-11ef-beca-0ec6e2beadde/x_large,Freshco
345,Sliced Pork Belly 17.61/kg,7.99,https://f.wishabi.net/page_items/363414325/1735871078/extra_large.jpg,Freshco
284,Smucker's Uncrustables 4x52-58 g,4.99,https://f.wishabi.net/page_pdf_images/20097161/e6ade3c6-c979-11ef-b970-0efae983d694/x_large,Freshco
341,Smucker's jam 310-500 mL Selected Varieties,5.49,https://f.wishabi.net/page_pdf_images/20097161/e76ee6f2-c979-11ef-b970-0efae983d694/x_large,Freshco
355,Softsoap or Irish Spring Body Wash 591 mL or Irish Spring Soap Bars 6 pk,4.49,https://f.wishabi.net/page_pdf_images/20097159/ea112f50-c979-11ef-99ec-0efae983d694/x_large,Freshco
349,St. Hubert Pies Frozen 715-825 g,7.99,https://f.wishabi.net/page_pdf_images/20097158/e62a08ee-c979-11ef-b928-0ec6e2beadde/x_large,Freshco
201,Stem & Leaf Clementines Product of Spain 7.69/kg,3.49,https://f.wishabi.net/page_items/363414185/1735871079/extra_large.jpg,Freshco
231,Streit's Soup Mix 170 g,0.99,https://f.wishabi.net/page_pdf_images/20097166/e7cc3dca-c979-11ef-8a9d-0ec6e2beadde/x_large,Freshco
296,Stuyver's Buns 340-400 g Sara Lee Little Bites 194-234 g,3.49,https://f.wishabi.net/page_pdf_images/20097158/ea8cbcc4-c979-11ef-b928-0ec6e2beadde/x_large,Freshco
336,Suntory Oolong Tea Sugar Free 500 mL,1.88,https://f.wishabi.net/page_pdf_images/20097165/e993ff94-c979-11ef-beca-0ec6e2beadde/x_large,Freshco
241,Surati Salty Snacks 250-341 g Selected Varieties,2.49,https://f.wishabi.net/page_pdf_images/20097164/e630bfb8-c979-11ef-ba57-0e1ba86a8db4/x_large,Freshco
328,Swanson Pot Pies 200 g,1.25,https://f.wishabi.net/page_pdf_images/20097157/e7639c16-c979-11ef-96ba-0efae983d694/x_large,Freshco
364,Sweet Creations Palm Leaf Pastries 150 g,5.49,https://f.wishabi.net/page_pdf_images/20097165/e814c39c-c979-11ef-beca-0ec6e2beadde/x_large,Freshco
190,Sweet Limes 2 lb Product of USA 907 g,4.99,https://f.wishabi.net/page_items/363414186/1735871080/extra_large.jpg,Freshco
205,Swiss Chalet or Montana's Pork Back Ribs Fully Cooked 600-650 g,8.99,https://f.wishabi.net/page_items/363414177/1735871083/extra_large.jpg,Freshco
43,"T&T® COOKED SOY BEANS, 454 g",2.28,https://f.wishabi.net/page_pdf_images/20060088/77cf6e9a-bf8b-11ef-908f-0e7faade0358/x_large,NoFrills
143,"TAMAM CANNED BEANS, 796 mL",1.49,https://f.wishabi.net/page_items/363882412/1736344594/extra_large.jpg,NoFrills
161,"TIDE LIQUID, 3.9 L or PODS or FLINGS, 45/57/76's LAUNDRY DETERGENT",21.55,https://f.wishabi.net/page_pdf_images/20060081/7e586aa0-bf8b-11ef-a7eb-0ec6e2beadde/x_large,NoFrills
152,"TRE STELLE CHEESE TWIN PACK, 240-560 g",7.00,https://f.wishabi.net/page_pdf_images/20060083/7ba4a1de-bf8b-11ef-8065-0efae983d694/x_large,NoFrills
52,"TRE STELLE MOZARELLA BALL, 340 g",7.77,https://f.wishabi.net/page_pdf_images/20060078/8187f25e-bf8b-11ef-8394-0ec6e2beadde/x_large,NoFrills
70,"TROPICANA BEVERAGES or PURE LEAF TEA, 1.36/1.75 L",4.00,https://f.wishabi.net/page_pdf_images/20060083/77bea56a-bf8b-11ef-8065-0efae983d694/x_large,NoFrills
202,The Butcher's Maven Beef or Chicken Liver 375 g,6.49,https://f.wishabi.net/page_pdf_images/20097166/e7ca7b7a-c979-11ef-8a9d-0ec6e2beadde/x_large,Freshco
187,The Laughing Cow® Cheese 133 g,,https://f.wishabi.net/page_pdf_images/20097157/e85d2c40-c979-11ef-96ba-0efae983d694/x_large,Freshco
318,Tim Hortons Single Serve K-Cups 30 pk Tim Hortons Ground Coffee 875-930 g,19.99,https://f.wishabi.net/page_pdf_images/20097159/e940967e-c979-11ef-99ec-0efae983d694/x_large,Freshco
321,Timothy's Coffee K-Cups 30 pk,12.99,https://f.wishabi.net/page_pdf_images/20097159/e6ac093e-c979-11ef-99ec-0efae983d694/x_large,Freshco
105,"U BY KOTEX PADS, 14-22's, LINERS, 40/50's or TAMPONS, 16's",5.49,https://f.wishabi.net/page_pdf_images/20132379/66fbc42a-cdc7-11ef-9841-0e1ba86a8db4/x_large,NoFrills
151,"UNICO SUNFLOWER OIL, 3 L",10.99,https://f.wishabi.net/page_pdf_images/20060081/7bd62c22-bf8b-11ef-a7eb-0ec6e2beadde/x_large,NoFrills
233,Ushia Noodles 200 g,0.99,https://f.wishabi.net/page_pdf_images/20097166/e77d46e8-c979-11ef-8a9d-0ec6e2beadde/x_large,Freshco
74,"VIM CLEANING CREAM, 500 mL",3.33,https://f.wishabi.net/page_pdf_images/20060081/7cba6392-bf8b-11ef-a7eb-0ec6e2beadde/x_large,NoFrills
226,Verka Roasted Peanut in Shell 908 g,4.49,https://f.wishabi.net/page_pdf_images/20097164/e6bd2a66-c979-11ef-ba57-0e1ba86a8db4/x_large,Freshco
327,Violife Shreds or Slices 200 g,4.99,https://f.wishabi.net/page_pdf_images/20097161/e9f1fe32-c979-11ef-b970-0efae983d694/x_large,Freshco
68,"WINGS EGGROLL or WONTON WRAPPERS, 400/454 g",1.88,https://f.wishabi.net/page_pdf_images/20060087/81167ac0-bf8b-11ef-8d40-0ec6e2beadde/x_large,NoFrills
365,WK11_ALLBANNERS_NewScotiabankSceneVisa.pdf,,https://f.wishabi.net/page_items/363626880/1736094224/extra_large.jpg,Freshco
10,"WONDER BREAD, 675 g or BUNS, 8's",2.22,https://f.wishabi.net/page_pdf_images/20060078/7f216eb4-bf8b-11ef-8394-0ec6e2beadde/x_large,NoFrills
230,Wacky Mac 156 g,1.49,https://f.wishabi.net/page_pdf_images/20097166/e5c77184-c979-11ef-8a9d-0ec6e2beadde/x_large,Freshco
337,Wahaha Yogurt Flavoured Drink 400 mL,1.98,https://f.wishabi.net/page_pdf_images/20097165/e7a95562-c979-11ef-beca-0ec6e2beadde/x_large,Freshco
269,White Guava Product of Egypt 8.80/kg,3.99,https://f.wishabi.net/page_items/363414375/1735871080/extra_large.jpg,Freshco
184,YELLOW NECTARINES,2.99,https://f.wishabi.net/page_pdf_images/20060077/835412ac-bf8b-11ef-a712-0ec6e2beadde/x_large,NoFrills
304,Yellow or White Flesh Nectarines Product of Chile No. 1 Grade 6.59/kg,2.99,https://f.wishabi.net/page_items/363414354/1735871081/extra_large.jpg,Freshco
73,"ZAVAT CHALAV CHEESE, 150 g",5.99,https://f.wishabi.net/page_pdf_images/20060090/7b8d92a0-bf8b-11ef-a299-0ec6e2beadde/x_large,NoFrills